merchant_id,canonical_name,aliases,category,subcategory
1,ZOMATO,"zomato,zmt,zomt,zomato pay,zomatopay,zomato*,zmt*",food_dining,Food Delivery
2,SWIGGY,"swiggy,swgy,swigy,swiggy*,swgy*",food_dining,Food Delivery
3,UBER_EATS,"uber eats,ubereats,uber*eats",food_dining,Food Delivery
4,DOMINOS,"dominos,domino,dominos pizza,domino's",food_dining,Fast Food
5,MCDONALDS,"mcdonalds,mcd,mcdonald,mc donald,mc donalds",food_dining,Fast Food
6,KFC,"kfc,kentucky,kentucky fried chicken",food_dining,Fast Food
7,STARBUCKS,"starbucks,starbuck,sbux",food_dining,Cafes & Coffee
8,BIGBASKET,"bigbasket,big basket,bb,bigbasket*",groceries,Online Grocery
9,BLINKIT,"blinkit,grofers,blink it,blinkit*",groceries,Online Grocery
10,ZEPTO,"zepto,zpto,zepto*",groceries,Online Grocery
11,DUNZO,"dunzo,dnzo,dunzo*",groceries,Online Grocery
12,DMART,"dmart,d mart,d-mart,avenue supermarts",groceries,Supermarkets
13,RELIANCE_FRESH,"reliance fresh,reliancemart,reliancefresh",groceries,Supermarkets
14,MORE,"more,more supermarket,more megastore",groceries,Supermarkets
15,JIOMART,"jiomart,jio mart,jio*mart",groceries,Online Grocery
16,UBER,"uber,uber*,uber india",transport,Cab Services
17,OLA,"ola,ola cabs,ola*,ola cab",transport,Cab Services
18,RAPIDO,"rapido,rpdo,rapido*",transport,Cab Services
19,METRO,"metro,metro rail,metro card,metro recharge",transport,Public Transport
20,MAKEMYTRIP,"makemytrip,mmt,make my trip,makemytrip*",travel,Travel Packages
21,GOIBIBO,"goibibo,goibibo*,go ibibo",travel,Travel Packages
22,IRCTC,"irctc,indian railway,railway,irctc*",travel,Trains
23,REDBUS,"redbus,red bus,redbus*",travel,Bus Travel
24,OYO,"oyo,oyo rooms,oyorooms,oyo*",travel,Hotels
25,AIRBNB,"airbnb,air bnb,airbnb*",travel,Hotels
26,BOOKING_COM,"booking.com,booking,booking com,bookingcom",travel,Hotels
27,HPCL,"hpcl,hp,hindustan petroleum,hp petrol",fuel,Petrol
28,IOCL,"iocl,indian oil,indianoil,indian oil corporation",fuel,Petrol
29,BPCL,"bpcl,bharat petroleum,bharatpetroleum,bp",fuel,Petrol
30,SHELL,"shell,shell petrol,shell india",fuel,Petrol
31,RELIANCE_PETROL,"reliance petrol,reliance petroleum",fuel,Petrol
32,BESCOM,"bescom,bangalore electricity,bescom*",utilities,Electricity
33,MSEB,"mseb,maharashtra electricity,mseb*",utilities,Electricity
34,ADANI_GAS,"adani gas,adani,adanigas",utilities,Gas/LPG
35,INDANE,"indane,indane gas,indane lpg",utilities,Gas/LPG
36,AIRTEL,"airtel,airtel*,bharti airtel",utilities,Mobile/Phone
37,JIO,"jio,reliance jio,jio*,reliancejio",utilities,Mobile/Phone
38,VODAFONE,"vodafone,vodafone idea,vi,vodafone*",utilities,Mobile/Phone
39,BSNL,"bsnl,bharat sanchar,bharat sanchar nigam",utilities,Mobile/Phone
40,TATA_SKY,"tata sky,tatasky,tata play,tataplay",utilities,DTH/Cable
41,DISH_TV,"dish tv,dishtv,dish*",utilities,DTH/Cable
42,AMAZON,"amazon,amazon.in,amazon india,amazon*,amzn",shopping,Online Shopping
43,FLIPKART,"flipkart,flipkart*,fk,flipkart.com",shopping,Online Shopping
44,MYNTRA,"myntra,myntra*,myntra.com",shopping,Clothing & Fashion
45,AJIO,"ajio,ajio*,ajio.com",shopping,Clothing & Fashion
46,NYKAA,"nykaa,nykaa*,nykaa.com",shopping,Online Shopping
47,MEESHO,"meesho,meesho*,meesho.com",shopping,Online Shopping
48,SNAPDEAL,"snapdeal,snapdeal*,snapdeal.com",shopping,Online Shopping
49,SHOPPERS_STOP,"shoppers stop,shoppersstop,shoppers",shopping,Clothing & Fashion
50,LIFESTYLE,"lifestyle,lifestyle stores,lifestyle*",shopping,Clothing & Fashion
51,WESTSIDE,"westside,west side,westside*",shopping,Clothing & Fashion
52,PANTALOONS,"pantaloons,pantaloon,pantaloons*",shopping,Clothing & Fashion
53,NETFLIX,"netflix,netflix*,nflx",entertainment,Streaming Services
54,PRIME_VIDEO,"prime video,amazon prime,primevideo,prime*",entertainment,Streaming Services
55,HOTSTAR,"hotstar,disney hotstar,disney+hotstar,hotstar*",entertainment,Streaming Services
56,SPOTIFY,"spotify,spotify*,sptfy",entertainment,Streaming Services
57,YOUTUBE_PREMIUM,"youtube premium,youtube,yt premium,youtube*",entertainment,Streaming Services
58,BOOKMYSHOW,"bookmyshow,book my show,bms,bookmyshow*",entertainment,Movies & Cinema
59,PVR,"pvr,pvr cinemas,pvr*",entertainment,Movies & Cinema
60,INOX,"inox,inox movies,inox*",entertainment,Movies & Cinema
61,APOLLO_PHARMACY,"apollo pharmacy,apollo,apollopharmacy,apollo*",health,Pharmacy/Medicine
62,MEDLIFE,"medlife,medlife*,med life",health,Pharmacy/Medicine
63,1MG,"1mg,one mg,onemg,1mg*",health,Pharmacy/Medicine
64,PHARMEASY,"pharmeasy,pharm easy,pharmeasy*",health,Pharmacy/Medicine
65,NETMEDS,"netmeds,net meds,netmeds*",health,Pharmacy/Medicine
66,APOLLO_HOSPITAL,"apollo hospital,apollo hospitals,apollo hosp",health,Doctor/Hospital
67,MAX_HOSPITAL,"max hospital,max healthcare,max hosp",health,Doctor/Hospital
68,FORTIS,"fortis,fortis hospital,fortis healthcare",health,Doctor/Hospital
69,CULTFIT,"cultfit,cult.fit,cult fit,cure.fit,curefit",health,Gym/Fitness
70,UDEMY,"udemy,udemy*,udemy.com",education,Online Courses
71,COURSERA,"coursera,coursera*,coursera.org",education,Online Courses
72,BYJUS,"byjus,byju's,byju,byjus*",education,Online Courses
73,UNACADEMY,"unacademy,unacademy*,unacadmy",education,Online Courses
74,VEDANTU,"vedantu,vedantu*,vedantu.com",education,Online Courses
75,PHONEPE,"phonepe,phone pe,phonepe*,phone*pe",transfers_upi,UPI Transfer
76,GOOGLEPAY,"googlepay,google pay,gpay,google*pay,g pay",transfers_upi,UPI Transfer
77,PAYTM,"paytm,paytm*,pay tm",transfers_upi,UPI Transfer
78,BHIM,"bhim,bhim upi,bhim*",transfers_upi,UPI Transfer
79,ZERODHA,"zerodha,zerodha*,kite",investments,Stocks/Trading
80,GROWW,"groww,groww*,grow",investments,Mutual Funds
81,UPSTOX,"upstox,upstox*,upstx",investments,Stocks/Trading
82,LIC,"lic,life insurance corporation,lic*",investments,Insurance Premium
83,HDFC_LIFE,"hdfc life,hdfc standard life,hdfclife",investments,Insurance Premium
84,ICICI_PRUDENTIAL,"icici prudential,iciciprudential,icici pru",investments,Insurance Premium
85,SBI,"sbi,state bank,state bank of india,sbi*",transfers_upi,UPI Transfer
86,HDFC_BANK,"hdfc,hdfc bank,hdfc*",transfers_upi,UPI Transfer
87,ICICI_BANK,"icici,icici bank,icici*",transfers_upi,UPI Transfer
88,AXIS_BANK,"axis,axis bank,axis*",transfers_upi,UPI Transfer
89,KOTAK_BANK,"kotak,kotak mahindra,kotak bank,kotak*",transfers_upi,UPI Transfer
90,YES_BANK,"yes bank,yes,yesbank,yes*",transfers_upi,UPI Transfer
